<keymap version="1" name="lbenedette" parent="Mac OS X 10.5+">
  <action id="ActivateBuildToolWindow">
    <keyboard-shortcut first-keystroke="meta 3" />
  </action>
  <action id="ActivateDatabaseToolWindow">
    <keyboard-shortcut first-keystroke="meta 3" />
  </action>
  <action id="ActivateFavoritesToolWindow" />
  <action id="ActivateFindToolWindow">
    <keyboard-shortcut first-keystroke="ctrl meta 3" />
  </action>
  <action id="ActivateGradleToolWindow">
    <keyboard-shortcut first-keystroke="meta 4" />
  </action>
  <action id="ActivateTerminalToolWindow">
    <keyboard-shortcut first-keystroke="meta 2" />
  </action>
  <action id="ActivateVersionControlToolWindow">
    <keyboard-shortcut first-keystroke="meta 9" />
  </action>
  <action id="CloseContent">
    <keyboard-shortcut first-keystroke="meta q" />
  </action>
  <action id="EditorCloneCaretBelow">
    <keyboard-shortcut first-keystroke="meta alt k" />
  </action>
  <action id="EditorSelectWord">
    <keyboard-shortcut first-keystroke="meta w" />
  </action>
  <action id="Exit" />
  <action id="Git.Commit.And.Push.Executor" />
  <action id="Hg.Commit.And.Push.Executor" />
</keymap>